{
  "target": "http://localhost:3000",
  "timestamp": "2025-10-25 10:00:00",
  "issues": [
    {
      "type": "header",
      "detail": "Missing header: Content-Security-Policy"
    },
    {
      "type": "reflected-xss",
      "detail": {
        "param": "q",
        "url": "http://localhost:3000/?q=<script>alert(1)</script>",
        "evidence": "payload reflected in response"
      }
    },
    {
      "type": "discovery",
      "detail": "Found http://localhost:3000/admin (status 200)"
    }
  ],
  "fingerprint": {
    "server": "TestServer/1.0",
    "x-powered-by": "TestFramework/0.1",
    "status_code": 200
  },
  "forms": [
    {
      "action": "http://localhost:3000/submit",
      "method": "post",
      "inputs": [
        {
          "name": "username",
          "type": "text"
        },
        {
          "name": "password",
          "type": "password"
        },
        {
          "name": "comments",
          "type": "textarea"
        }
      ]
    }
  ],
  "dir_results": [
    {
      "url": "http://localhost:3000/admin",
      "status": 200
    }
  ]
}